ID,name,coordinate_x,coordinate_y,coordinate_z
0,Earth,0,0,0
1,Mars,9.23423345,33.2342343534,-23.23423456
2,Venus,12.2534347,-34.522583,9.77457973
3,"Proxima Centauri B",-23453.2523632,62865.578821236,-782361.3464343
4,"The King’s Planet",-996.453546,341.23523,3399.4525
5,"The Geographer’s Planet",-997.2357,342.5326,3252.66369
6,Solaris,85.2532,-325.24642,-1136.74577
